en-gb,en,fr-fr,
https://www.usm.com/en-gb/,https://www.usm.com/en/,https://www.usm.com/fr-fr/,
https://www.usm.com/en-gb/commercial/,https://www.usm.com/en/commercial/,https://www.usm.com/fr-fr/office/,
https://www.usm.com/en-gb/commercial/products/,https://www.usm.com/en/commercial/products/,https://www.usm.com/fr-fr/office/produits/,
https://www.usm.com/en-gb/commercial/products/usm-haller-collection/,https://www.usm.com/en/commercial/products/usm-haller-collection/,https://www.usm.com/fr-fr/office/produits/collection-usm-haller/,
https://www.usm.com/en-gb/commercial/products/usm-haller-collection/usm-haller-system/,https://www.usm.com/en/commercial/products/usm-haller-collection/usm-haller-system/,https://www.usm.com/fr-fr/office/produits/collection-usm-haller/systeme-usm-haller/,
https://www.usm.com/en-gb/commercial/products/usm-haller-collection/usm-haller-e/,https://www.usm.com/en/commercial/products/usm-haller-collection/usm-haller-e/,https://www.usm.com/fr-fr/office/produits/collection-usm-haller/usm-haller-e/,
https://www.usm.com/en-gb/commercial/products/usm-haller-collection/usm-haller-table/,https://www.usm.com/en/commercial/products/usm-haller-collection/usm-haller-table/,https://www.usm.com/fr-fr/office/produits/collection-usm-haller/tables-usm-haller/,
https://www.usm.com/en-gb/commercial/products/usm-haller-collection/usm-haller-desk/,https://www.usm.com/en/commercial/products/usm-haller-collection/usm-haller-desk/,https://www.usm.com/fr-fr/office/produits/collection-usm-haller/bureaux-usm-haller/,
https://www.usm.com/en-gb/commercial/products/usm-kitos-collection/,https://www.usm.com/en/commercial/products/usm-kitos-collection/,https://www.usm.com/fr-fr/office/produits/collection-usm-kitos/,
https://www.usm.com/en-gb/commercial/products/usm-kitos-collection/usm-kitos-m/,https://www.usm.com/en/commercial/products/usm-kitos-collection/usm-kitos-m/,https://www.usm.com/fr-fr/office/produits/collection-usm-kitos/usm-kitos-m/,
https://www.usm.com/en-gb/commercial/products/usm-kitos-collection/usm-kitos-meeting/,https://www.usm.com/en/commercial/products/usm-kitos-collection/usm-kitos-meeting/,https://www.usm.com/fr-fr/office/produits/collection-usm-kitos/tables-de-reunion-usm-kitos-meeting/,
https://www.usm.com/en-gb/commercial/products/usm-kitos-collection/usm-kitos-e/,https://www.usm.com/en/commercial/products/usm-kitos-collection/usm-kitos-e/,https://www.usm.com/fr-fr/office/produits/collection-usm-kitos/usm-kitos-e/,
https://www.usm.com/en-gb/commercial/products/usm-kitos-collection/usm-kitos-table/,https://www.usm.com/en/commercial/products/usm-kitos-collection/usm-kitos-table/,https://www.usm.com/fr-fr/office/produits/collection-usm-kitos/bureaux-usm-kitos/,
https://www.usm.com/en-gb/commercial/products/usm-privacy-panels/,https://www.usm.com/en/commercial/products/usm-privacy-panels/,https://www.usm.com/fr-fr/office/produits/usm-privacy-panels/,
https://www.usm.com/en-gb/commercial/products/usm-accessories/,https://www.usm.com/en/commercial/products/usm-accessories/,https://www.usm.com/fr-fr/office/produits/accessoires-usm/,
https://www.usm.com/en-gb/commercial/products/usm-accessories/usm-inos/,https://www.usm.com/en/commercial/products/usm-accessories/usm-inos/,https://www.usm.com/fr-fr/office/produits/accessoires-usm/gamme-usm-inos/,
https://www.usm.com/en-gb/commercial/products/usm-accessories/usm-bookends/,https://www.usm.com/en/commercial/products/usm-accessories/usm-bookends/,https://www.usm.com/fr-fr/office/produits/accessoires-usm/usm-serre-livres/,
https://www.usm.com/en-gb/commercial/products/usm-accessories/usm-desk-accessories/,https://www.usm.com/en/commercial/products/usm-accessories/usm-desk-accessories/,https://www.usm.com/fr-fr/office/produits/accessoires-usm/accessoires-de-bureau-usm/,
https://www.usm.com/en-gb/commercial/stories/,https://www.usm.com/en/commercial/stories/,https://www.usm.com/fr-fr/office/inspirations/,
https://www.usm.com/en-gb/commercial/stories/applications/,https://www.usm.com/en/commercial/stories/applications/,https://www.usm.com/fr-fr/office/inspirations/applications/,
https://www.usm.com/en-gb/commercial/stories/office-design/,https://www.usm.com/en/commercial/stories/office-design/,https://www.usm.com/fr-fr/office/inspirations/solutions/,
https://www.usm.com/en-gb/commercial/stories/rooms/,https://www.usm.com/en/commercial/stories/rooms/,https://www.usm.com/fr-fr/office/inspirations/espaces/,
https://www.usm.com/en-gb/commercial/gallery/,https://www.usm.com/en/commercial/gallery/,https://www.usm.com/fr-fr/office/galerie/,
https://www.usm.com/en-gb/commercial/how-to-buy/,https://www.usm.com/en/commercial/how-to-buy/,https://www.usm.com/fr-fr/office/comment-acheter/,
https://www.usm.com/en-gb/commercial/how-to-buy/faq/,https://www.usm.com/en/commercial/how-to-buy/faq/,https://www.usm.com/fr-fr/office/comment-acheter/faq/,
https://www.usm.com/en-gb/commercial/configure-your-own/,https://www.usm.com/en/commercial/configure-your-own/,https://www.usm.com/fr-fr/office/configurateur-de-meubles/,
https://www.usm.com/en-gb/commercial/about-usm/,https://www.usm.com/en/commercial/about-usm/,https://www.usm.com/fr-fr/office/a-propos-dusm/,
https://www.usm.com/en-gb/commercial/contact-us/,https://www.usm.com/en/commercial/contact-us/,https://www.usm.com/fr-fr/office/nous-contacter/,
https://www.usm.com/en-gb/commercial/legals/,https://www.usm.com/en/commercial/legals/,https://www.usm.com/fr-fr/office/mentions-legales/,
https://www.usm.com/en-gb/commercial/legals/privacy-policy/,https://www.usm.com/en/commercial/legals/privacy-policy/,https://www.usm.com/fr-fr/office/mentions-legales/politique-de-confidentialite/,
https://www.usm.com/en-gb/commercial/press-centre/,https://www.usm.com/en/commercial/press-centre/,https://www.usm.com/fr-fr/office/presse/,
https://www.usm.com/en-gb/residential/,https://www.usm.com/en/residential/,https://www.usm.com/fr-fr/home/,
https://www.usm.com/en-gb/residential/products/,https://www.usm.com/en/residential/products/,https://www.usm.com/fr-fr/home/produits/,
https://www.usm.com/en-gb/residential/products/usm-haller-collection/,https://www.usm.com/en/residential/products/usm-haller-collection/,https://www.usm.com/fr-fr/home/produits/collection-usm-haller/,
https://www.usm.com/en-gb/residential/products/usm-haller-collection/usm-haller-system/,https://www.usm.com/en/residential/products/usm-haller-collection/usm-haller-system/,https://www.usm.com/fr-fr/home/produits/collection-usm-haller/systeme-usm-haller/,
https://www.usm.com/en-gb/residential/products/usm-haller-collection/usm-haller-e/,https://www.usm.com/en/residential/products/usm-haller-collection/usm-haller-e/,https://www.usm.com/fr-fr/home/produits/collection-usm-haller/usm-haller-e/,
https://www.usm.com/en-gb/residential/products/usm-haller-collection/usm-haller-tables-and-desks/,https://www.usm.com/en/residential/products/usm-haller-collection/usm-haller-tables-and-desks/,https://www.usm.com/fr-fr/home/produits/collection-usm-haller/tables-et-bureaux-usm-haller/,
https://www.usm.com/en-gb/residential/products/usm-accessories/,https://www.usm.com/en/residential/products/usm-accessories/,https://www.usm.com/fr-fr/home/produits/accessoires-usm/,
https://www.usm.com/en-gb/residential/products/usm-accessories/usm-inos/,https://www.usm.com/en/residential/products/usm-accessories/usm-inos/,https://www.usm.com/fr-fr/home/produits/accessoires-usm/gamme-usm-inos/,
https://www.usm.com/en-gb/residential/products/usm-accessories/usm-bookends/,https://www.usm.com/en/residential/products/usm-accessories/usm-bookends/,https://www.usm.com/fr-fr/home/produits/accessoires-usm/serre-livres-usm/,
https://www.usm.com/en-gb/residential/products/usm-accessories/usm-desk-accessories/,https://www.usm.com/en/residential/products/usm-accessories/usm-desk-accessories/,https://www.usm.com/fr-fr/home/produits/accessoires-usm/accessoires-de-bureau/,
https://www.usm.com/en-gb/residential/stories/,https://www.usm.com/en/residential/stories/,https://www.usm.com/fr-fr/home/inspirations/,
https://www.usm.com/en-gb/residential/stories/rooms/,https://www.usm.com/en/residential/stories/rooms/,https://www.usm.com/fr-fr/home/inspirations/espaces/,
https://www.usm.com/en-gb/residential/stories/applications/,https://www.usm.com/en/residential/stories/applications/,https://www.usm.com/fr-fr/home/inspirations/applications/,
https://www.usm.com/en-gb/residential/stories/interior-design/,https://www.usm.com/en/residential/stories/interior-design/,https://www.usm.com/fr-fr/home/inspirations/styles/,
https://www.usm.com/en-gb/residential/gallery/,https://www.usm.com/en/residential/gallery/,https://www.usm.com/fr-fr/home/galerie/,
https://www.usm.com/en-gb/residential/how-to-buy/,https://www.usm.com/en/residential/how-to-buy/,https://www.usm.com/fr-fr/home/comment-acheter/,
https://www.usm.com/en-gb/residential/how-to-buy/faq/,https://www.usm.com/en/residential/how-to-buy/faq/,https://www.usm.com/fr-fr/home/comment-acheter/faq/,
https://www.usm.com/en-gb/residential/configure-your-own/,https://www.usm.com/en/residential/configure-your-own/,https://www.usm.com/fr-fr/home/configurateur-de-meubles/,
https://www.usm.com/en-gb/residential/about-usm/,https://www.usm.com/en/residential/about-usm/,https://www.usm.com/fr-fr/home/a-propos-d-usm/,
https://www.usm.com/en-gb/residential/contact-us/,https://www.usm.com/en/residential/contact-us/,https://www.usm.com/fr-fr/home/nous-contacter/,
https://www.usm.com/en-gb/residential/legals/,https://www.usm.com/en/residential/legals/,https://www.usm.com/fr-fr/home/mentions-legales/,
https://www.usm.com/en-gb/residential/legals/privacy-policy/,https://www.usm.com/en/residential/legals/privacy-policy/,https://www.usm.com/fr-fr/home/mentions-legales/politique-de-confidentialite/,
https://www.usm.com/en-gb/residential/press-centre/,https://www.usm.com/en/residential/press-centre/,https://www.usm.com/fr-fr/home/presse/,
https://www.usm.com/en-gb/specifiers/,https://www.usm.com/en/specifiers/,https://www.usm.com/fr-fr/prescripteurs/,
